"Localities_name","Localities_url"
"Alandi Road","https://www.mapsofindia.com/pune/localities/alandi-road.html"
"Ambegaon Budruk","https://www.mapsofindia.com/pune/localities/ambegaon-budruk.html"
"Anandnagar","https://www.mapsofindia.com/pune/localities/anandnagar.html"
"Aundh","https://www.mapsofindia.com/pune/localities/aundh.html"
"Aundh Road","https://www.mapsofindia.com/pune/localities/aundh-road.html"
"Balaji Nagar","https://www.mapsofindia.com/pune/localities/balaji-nagar.html"
"Baner","https://www.mapsofindia.com/pune/localities/baner.html"
"Baner road","https://www.mapsofindia.com/pune/localities/baner-road.html"
"Bhandarkar Road","https://www.mapsofindia.com/pune/localities/bhandarkar-road.html"
"Bhavani Peth","https://www.mapsofindia.com/pune/localities/bhavani-peth.html"
"Bibvewadi","https://www.mapsofindia.com/pune/localities/bibvewadi.html"
"Bopodi","https://www.mapsofindia.com/pune/localities/bopodi.html"
"Budhwar Peth","https://www.mapsofindia.com/pune/localities/budhwar-peth.html"
"Bund Garden Road","https://www.mapsofindia.com/pune/localities/bund-garden-road.html"
"Camp","https://www.mapsofindia.com/pune/localities/camp.html"
"Chandan Nagar","https://www.mapsofindia.com/pune/localities/chandan-nagar.html"
"Dapodi","https://www.mapsofindia.com/pune/localities/dapodi.html"
"Deccan Gymkhana","https://www.mapsofindia.com/pune/localities/deccan-gymkhana.html"
"Dehu Road","https://www.mapsofindia.com/pune/localities/dehu-road.html"
"Dhankawadi","https://www.mapsofindia.com/pune/localities/dhankawadi.html"
"Dhayari Phata","https://www.mapsofindia.com/pune/localities/dhayari-phata.html"
"Dhole Patil Road","https://www.mapsofindia.com/pune/localities/dhole-patil-road.html"
"Erandwane","https://www.mapsofindia.com/pune/localities/erandwane.html"
"Fatima Nagar","https://www.mapsofindia.com/pune/localities/fatima-nagar.html"
"Fergusson College Road","https://www.mapsofindia.com/pune/localities/fergusson-college-road.html"
"Ganesh Peth","https://www.mapsofindia.com/pune/localities/ganesh-peth.html"
"Ganeshkhind","https://www.mapsofindia.com/pune/localities/ganeshkhind.html"
"Ghorpade Peth","https://www.mapsofindia.com/pune/localities/ghorpade-peth.html"
"Ghorpadi","https://www.mapsofindia.com/pune/localities/ghorpadi.html"
"Gokhale Nagar","https://www.mapsofindia.com/pune/localities/gokhale-nagar.html"
"Gultekdi","https://www.mapsofindia.com/pune/localities/gultekdi.html"
"Guruwar peth","https://www.mapsofindia.com/pune/localities/guruwar-peth.html"
"Hadapsar","https://www.mapsofindia.com/pune/localities/hadapsar.html"
"Hadapsar Industrial Estate","https://www.mapsofindia.com/pune/localities/hadapsar-industrial-estate.html"
"Hingne Khurd","https://www.mapsofindia.com/pune/localities/hingne-khurd.html"
"Jangali Maharaj Road","https://www.mapsofindia.com/pune/localities/jangali-maharaj-road.html"
"Kalyani Nagar","https://www.mapsofindia.com/pune/localities/kalyani-nagar.html"
"Karve Nagar","https://www.mapsofindia.com/pune/localities/karve-nagar.html"
"Karve Road","https://www.mapsofindia.com/pune/localities/karve-road.html"
"Kasba Peth","https://www.mapsofindia.com/pune/localities/kasba-peth.html"
"Katraj","https://www.mapsofindia.com/pune/localities/katraj.html"
"Khadaki","https://www.mapsofindia.com/pune/localities/khadaki.html"
"Khadki","https://www.mapsofindia.com/pune/localities/khadki.html"
"Kharadi","https://www.mapsofindia.com/pune/localities/kharadi.html"
"Kondhwa","https://www.mapsofindia.com/pune/localities/kondhwa.html"
"Kondhwa Budruk","https://www.mapsofindia.com/pune/localities/kondhwa-budruk.html"
"Kondhwa Khurd","https://www.mapsofindia.com/pune/localities/kondhwa-khurd.html"
"Koregaon Park","https://www.mapsofindia.com/pune/localities/koregaon-park.html"
"Kothrud","https://www.mapsofindia.com/pune/localities/kothrud.html"
"Law College Road","https://www.mapsofindia.com/pune/localities/law-college-road.html"
"Laxmi Road","https://www.mapsofindia.com/pune/localities/laxmi-road.html"
"Lulla Nagar","https://www.mapsofindia.com/pune/localities/lulla-nagar.html"
"Mahatma Gandhi Road","https://www.mapsofindia.com/pune/localities/mahatma-gandhi-road.html"
"Mangalwar peth","https://www.mapsofindia.com/pune/localities/mangalwar-peth.html"
"Manik Bagh","https://www.mapsofindia.com/pune/localities/manik-bagh.html"
"Market yard","https://www.mapsofindia.com/pune/localities/market-yard.html"
"Model colony","https://www.mapsofindia.com/pune/localities/model-colony.html"
"Mukund Nagar","https://www.mapsofindia.com/pune/localities/mukund-nagar.html"
"Mundhawa","https://www.mapsofindia.com/pune/localities/mundhawa.html"
"Nagar Road","https://www.mapsofindia.com/pune/localities/nagar-road.html"
"Nana Peth","https://www.mapsofindia.com/pune/localities/nana-peth.html"
"Narayan Peth","https://www.mapsofindia.com/pune/localities/narayan-peth.html"
"Narayangaon","https://www.mapsofindia.com/pune/localities/narayangaon.html"
"Navi Peth","https://www.mapsofindia.com/pune/localities/navi-peth.html"
"Padmavati","https://www.mapsofindia.com/pune/localities/padmavati.html"
"Parvati Darshan","https://www.mapsofindia.com/pune/localities/parvati-darshan.html"
"Pashan","https://www.mapsofindia.com/pune/localities/pashan.html"
"Paud Road","https://www.mapsofindia.com/pune/localities/paud-road.html"
"Pirangut","https://www.mapsofindia.com/pune/localities/pirangut.html"
"Prabhat Road","https://www.mapsofindia.com/pune/localities/prabhat-road.html"
"Pune Railway Station","https://www.mapsofindia.com/pune/localities/pune-railway-station.html"
"Rasta Peth","https://www.mapsofindia.com/pune/localities/rasta-peth.html"
"Raviwar Peth","https://www.mapsofindia.com/pune/localities/raviwar-peth.html"
"Sadashiv Peth","https://www.mapsofindia.com/pune/localities/sadashiv-peth.html"
"Sahakar Nagar","https://www.mapsofindia.com/pune/localities/sahakar-nagar.html"
"Salunke Vihar","https://www.mapsofindia.com/pune/localities/salunke-vihar.html"
"Sasson Road","https://www.mapsofindia.com/pune/localities/sasson-road.html"
"Satara Road","https://www.mapsofindia.com/pune/localities/satara-road.html"
"Senapati Bapat Road","https://www.mapsofindia.com/pune/localities/senapati-bapat-road.html"
"Shaniwar Peth","https://www.mapsofindia.com/pune/localities/shaniwar-peth.html"
"Shivaji Nagar","https://www.mapsofindia.com/pune/localities/shivaji-nagar.html"
"Shukrawar Peth","https://www.mapsofindia.com/pune/localities/shukrawar-peth.html"
"Sinhagad Road","https://www.mapsofindia.com/pune/localities/sinhagad-road.html"
"Somwar Peth","https://www.mapsofindia.com/pune/localities/somwar-peth.html"
"Swargate","https://www.mapsofindia.com/pune/localities/swargate.html"
"Tilak Road","https://www.mapsofindia.com/pune/localities/tilak-road.html"
"Uruli Devachi","https://www.mapsofindia.com/pune/localities/uruli-devachi.html"
"Vadgaon Budruk","https://www.mapsofindia.com/pune/localities/vadgaon-budruk.html"
"Wadgaon Sheri","https://www.mapsofindia.com/pune/localities/wadgaon-sheri.html"
"Viman Nagar","https://www.mapsofindia.com/pune/localities/viman-nagar.html"
"Vishrant Wadi","https://www.mapsofindia.com/pune/localities/vishrant-wadi.html"
"Wagholi","https://www.mapsofindia.com/pune/localities/wagholi.html"
"Wakadewadi","https://www.mapsofindia.com/pune/localities/wakadewadi.html"
"Wanowrie","https://www.mapsofindia.com/pune/localities/wanowrie.html"
"Warje","https://www.mapsofindia.com/pune/localities/warje.html"
"Yerawada","https://www.mapsofindia.com/pune/localities/yerawada.html"